Id,Actor,TextEn,TextZh,TextPn,Url,Topic,Subtopic,Version,Audio url
eslfast_easydialogs_jobs_knock_knock_1,A, I want to move to New York.,,,https://www.eslfast.com/easydialogs/ec/jobs16.htm,Jobs,"Knock, Knock!",v1,https://www.eslfast.com/easydialogs/audio/jobs16.mp3
eslfast_easydialogs_jobs_knock_knock_1,B, To the state or the city?,,,https://www.eslfast.com/easydialogs/ec/jobs16.htm,Jobs,"Knock, Knock!",v1,https://www.eslfast.com/easydialogs/audio/jobs16.mp3
eslfast_easydialogs_jobs_knock_knock_1,A," To the city, of course.",,,https://www.eslfast.com/easydialogs/ec/jobs16.htm,Jobs,"Knock, Knock!",v1,https://www.eslfast.com/easydialogs/audio/jobs16.mp3
eslfast_easydialogs_jobs_knock_knock_1,B, Why do you want to move there?,,,https://www.eslfast.com/easydialogs/ec/jobs16.htm,Jobs,"Knock, Knock!",v1,https://www.eslfast.com/easydialogs/audio/jobs16.mp3
eslfast_easydialogs_jobs_knock_knock_1,A, Because I want to make a lot of money.,,,https://www.eslfast.com/easydialogs/ec/jobs16.htm,Jobs,"Knock, Knock!",v1,https://www.eslfast.com/easydialogs/audio/jobs16.mp3
eslfast_easydialogs_jobs_knock_knock_1,B, There are a lot of poor people in New York.,,,https://www.eslfast.com/easydialogs/ec/jobs16.htm,Jobs,"Knock, Knock!",v1,https://www.eslfast.com/easydialogs/audio/jobs16.mp3
eslfast_easydialogs_jobs_knock_knock_1,A, There sure areâ€”at least a million.,,,https://www.eslfast.com/easydialogs/ec/jobs16.htm,Jobs,"Knock, Knock!",v1,https://www.eslfast.com/easydialogs/audio/jobs16.mp3
eslfast_easydialogs_jobs_knock_knock_1,B, So how do you plan to become rich?,,,https://www.eslfast.com/easydialogs/ec/jobs16.htm,Jobs,"Knock, Knock!",v1,https://www.eslfast.com/easydialogs/audio/jobs16.mp3
eslfast_easydialogs_jobs_knock_knock_1,A, I will knock on the doors of all the corporations.,,,https://www.eslfast.com/easydialogs/ec/jobs16.htm,Jobs,"Knock, Knock!",v1,https://www.eslfast.com/easydialogs/audio/jobs16.mp3
eslfast_easydialogs_jobs_knock_knock_1,B, That won't make you rich. Nobody will talk to you.,,,https://www.eslfast.com/easydialogs/ec/jobs16.htm,Jobs,"Knock, Knock!",v1,https://www.eslfast.com/easydialogs/audio/jobs16.mp3
eslfast_easydialogs_jobs_knock_knock_1,A, I will keep knocking on doors.,,,https://www.eslfast.com/easydialogs/ec/jobs16.htm,Jobs,"Knock, Knock!",v1,https://www.eslfast.com/easydialogs/audio/jobs16.mp3
eslfast_easydialogs_jobs_knock_knock_1,B, All you will get is sore knuckles.,,,https://www.eslfast.com/easydialogs/ec/jobs16.htm,Jobs,"Knock, Knock!",v1,https://www.eslfast.com/easydialogs/audio/jobs16.mp3
eslfast_easydialogs_shopping_to_save_money_1,A, I'm trying to stretch my dollars.,,,https://www.eslfast.com/easydialogs/ec/shop10.htm,Shopping,To Save Money,v1,https://www.eslfast.com/easydialogs/audio/shop10.mp3
eslfast_easydialogs_shopping_to_save_money_1,B, How are you doing that?,,,https://www.eslfast.com/easydialogs/ec/shop10.htm,Shopping,To Save Money,v1,https://www.eslfast.com/easydialogs/audio/shop10.mp3
eslfast_easydialogs_shopping_to_save_money_1,A, I started shopping at the dollar store.,,,https://www.eslfast.com/easydialogs/ec/shop10.htm,Shopping,To Save Money,v1,https://www.eslfast.com/easydialogs/audio/shop10.mp3
eslfast_easydialogs_shopping_to_save_money_1,B, That saves a lot of money.,,,https://www.eslfast.com/easydialogs/ec/shop10.htm,Shopping,To Save Money,v1,https://www.eslfast.com/easydialogs/audio/shop10.mp3
eslfast_easydialogs_shopping_to_save_money_1,A, I bought three pounds of potatoes for a dollar.,,,https://www.eslfast.com/easydialogs/ec/shop10.htm,Shopping,To Save Money,v1,https://www.eslfast.com/easydialogs/audio/shop10.mp3
eslfast_easydialogs_shopping_to_save_money_1,B, That's a good deal.,,,https://www.eslfast.com/easydialogs/ec/shop10.htm,Shopping,To Save Money,v1,https://www.eslfast.com/easydialogs/audio/shop10.mp3
eslfast_easydialogs_shopping_to_save_money_1,A," Yes, even though some of the potatoes had eyes.",,,https://www.eslfast.com/easydialogs/ec/shop10.htm,Shopping,To Save Money,v1,https://www.eslfast.com/easydialogs/audio/shop10.mp3
eslfast_easydialogs_shopping_to_save_money_1,B, Just put them in the fridge.,,,https://www.eslfast.com/easydialogs/ec/shop10.htm,Shopping,To Save Money,v1,https://www.eslfast.com/easydialogs/audio/shop10.mp3
eslfast_easydialogs_shopping_to_save_money_1,A," Also, I bought a can of cheap coffee and a bag of good coffee.",,,https://www.eslfast.com/easydialogs/ec/shop10.htm,Shopping,To Save Money,v1,https://www.eslfast.com/easydialogs/audio/shop10.mp3
eslfast_easydialogs_shopping_to_save_money_1,B, Why did you do that?,,,https://www.eslfast.com/easydialogs/ec/shop10.htm,Shopping,To Save Money,v1,https://www.eslfast.com/easydialogs/audio/shop10.mp3
eslfast_easydialogs_shopping_to_save_money_1,A, I mixed them together.,,,https://www.eslfast.com/easydialogs/ec/shop10.htm,Shopping,To Save Money,v1,https://www.eslfast.com/easydialogs/audio/shop10.mp3
eslfast_easydialogs_shopping_to_save_money_1,B," If the coffee still tastes okay, that's a good idea.",,,https://www.eslfast.com/easydialogs/ec/shop10.htm,Shopping,To Save Money,v1,https://www.eslfast.com/easydialogs/audio/shop10.mp3
eslfast_easydialogs_shopping_sharpen_the_pencil_1,A, Where's the pencil sharpener?,,,https://www.eslfast.com/easydialogs/ec/shop09.htm,Shopping,Sharpen the Pencil,v1,https://www.eslfast.com/easydialogs/audio/shop09.mp3
eslfast_easydialogs_shopping_sharpen_the_pencil_1,B, Which one?,,,https://www.eslfast.com/easydialogs/ec/shop09.htm,Shopping,Sharpen the Pencil,v1,https://www.eslfast.com/easydialogs/audio/shop09.mp3
eslfast_easydialogs_shopping_sharpen_the_pencil_1,A, Any one. I need to sharpen this pencil.,,,https://www.eslfast.com/easydialogs/ec/shop09.htm,Shopping,Sharpen the Pencil,v1,https://www.eslfast.com/easydialogs/audio/shop09.mp3
eslfast_easydialogs_shopping_sharpen_the_pencil_1,B, I think there's one on the dining room table.,,,https://www.eslfast.com/easydialogs/ec/shop09.htm,Shopping,Sharpen the Pencil,v1,https://www.eslfast.com/easydialogs/audio/shop09.mp3
eslfast_easydialogs_shopping_sharpen_the_pencil_1,A, I already looked there.,,,https://www.eslfast.com/easydialogs/ec/shop09.htm,Shopping,Sharpen the Pencil,v1,https://www.eslfast.com/easydialogs/audio/shop09.mp3
eslfast_easydialogs_shopping_sharpen_the_pencil_1,B, Did you look in the desk drawer?,,,https://www.eslfast.com/easydialogs/ec/shop09.htm,Shopping,Sharpen the Pencil,v1,https://www.eslfast.com/easydialogs/audio/shop09.mp3
eslfast_easydialogs_shopping_sharpen_the_pencil_1,A," Yes, I looked there, too.",,,https://www.eslfast.com/easydialogs/ec/shop09.htm,Shopping,Sharpen the Pencil,v1,https://www.eslfast.com/easydialogs/audio/shop09.mp3
eslfast_easydialogs_shopping_sharpen_the_pencil_1,B, Don't we have about five sharpeners?,,,https://www.eslfast.com/easydialogs/ec/shop09.htm,Shopping,Sharpen the Pencil,v1,https://www.eslfast.com/easydialogs/audio/shop09.mp3
eslfast_easydialogs_shopping_sharpen_the_pencil_1,A," Yes, but they seem to have legs.",,,https://www.eslfast.com/easydialogs/ec/shop09.htm,Shopping,Sharpen the Pencil,v1,https://www.eslfast.com/easydialogs/audio/shop09.mp3
eslfast_easydialogs_shopping_sharpen_the_pencil_1,B, Tomorrow I'm going to buy an electric sharpener.,,,https://www.eslfast.com/easydialogs/ec/shop09.htm,Shopping,Sharpen the Pencil,v1,https://www.eslfast.com/easydialogs/audio/shop09.mp3
eslfast_easydialogs_shopping_sharpen_the_pencil_1,A, Get one with the rubber suction cups on the bottom.,,,https://www.eslfast.com/easydialogs/ec/shop09.htm,Shopping,Sharpen the Pencil,v1,https://www.eslfast.com/easydialogs/audio/shop09.mp3
eslfast_easydialogs_shopping_sharpen_the_pencil_1,B, Yes. That way it will stay where I put it.,,,https://www.eslfast.com/easydialogs/ec/shop09.htm,Shopping,Sharpen the Pencil,v1,https://www.eslfast.com/easydialogs/audio/shop09.mp3
eslfast_easydialogs_shopping_pc_or_mac_1,A, I need a new computer.,,,https://www.eslfast.com/easydialogs/ec/shop07.htm,Shopping,PC or Mac?,v1,https://www.eslfast.com/easydialogs/audio/shop07.mp3
eslfast_easydialogs_shopping_pc_or_mac_1,B, What's the matter with yours?,,,https://www.eslfast.com/easydialogs/ec/shop07.htm,Shopping,PC or Mac?,v1,https://www.eslfast.com/easydialogs/audio/shop07.mp3
eslfast_easydialogs_shopping_pc_or_mac_1,A, It's six years old.,,,https://www.eslfast.com/easydialogs/ec/shop07.htm,Shopping,PC or Mac?,v1,https://www.eslfast.com/easydialogs/audio/shop07.mp3
eslfast_easydialogs_shopping_pc_or_mac_1,B, That's pretty old.,,,https://www.eslfast.com/easydialogs/ec/shop07.htm,Shopping,PC or Mac?,v1,https://www.eslfast.com/easydialogs/audio/shop07.mp3
eslfast_easydialogs_shopping_pc_or_mac_1,A," It still works, but I'm going to give it to a charity.",,,https://www.eslfast.com/easydialogs/ec/shop07.htm,Shopping,PC or Mac?,v1,https://www.eslfast.com/easydialogs/audio/shop07.mp3
eslfast_easydialogs_shopping_pc_or_mac_1,B, Are you going to buy a desktop or laptop?,,,https://www.eslfast.com/easydialogs/ec/shop07.htm,Shopping,PC or Mac?,v1,https://www.eslfast.com/easydialogs/audio/shop07.mp3
eslfast_easydialogs_shopping_pc_or_mac_1,A," Oh, a laptop, of course.",,,https://www.eslfast.com/easydialogs/ec/shop07.htm,Shopping,PC or Mac?,v1,https://www.eslfast.com/easydialogs/audio/shop07.mp3
eslfast_easydialogs_shopping_pc_or_mac_1,B, A PC or a Mac?,,,https://www.eslfast.com/easydialogs/ec/shop07.htm,Shopping,PC or Mac?,v1,https://www.eslfast.com/easydialogs/audio/shop07.mp3
eslfast_easydialogs_shopping_pc_or_mac_1,A, I haven't decided yet.,,,https://www.eslfast.com/easydialogs/ec/shop07.htm,Shopping,PC or Mac?,v1,https://www.eslfast.com/easydialogs/audio/shop07.mp3
eslfast_easydialogs_shopping_pc_or_mac_1,B, More and more people are using Macs.,,,https://www.eslfast.com/easydialogs/ec/shop07.htm,Shopping,PC or Mac?,v1,https://www.eslfast.com/easydialogs/audio/shop07.mp3
eslfast_easydialogs_shopping_pc_or_mac_1,A, But 90 percent of the world uses PCs.,,,https://www.eslfast.com/easydialogs/ec/shop07.htm,Shopping,PC or Mac?,v1,https://www.eslfast.com/easydialogs/audio/shop07.mp3
eslfast_easydialogs_shopping_pc_or_mac_1,B, And that's not going to change anytime soon.,,,https://www.eslfast.com/easydialogs/ec/shop07.htm,Shopping,PC or Mac?,v1,https://www.eslfast.com/easydialogs/audio/shop07.mp3
eslfast_easydialogs_shopping_bad_business_1,A, I got ripped off.,,,https://www.eslfast.com/easydialogs/ec/shop08.htm,Shopping,Bad Business,v1,https://www.eslfast.com/easydialogs/audio/shop08.mp3
eslfast_easydialogs_shopping_bad_business_1,B, What happened?,,,https://www.eslfast.com/easydialogs/ec/shop08.htm,Shopping,Bad Business,v1,https://www.eslfast.com/easydialogs/audio/shop08.mp3
eslfast_easydialogs_shopping_bad_business_1,A," I had a car problem, so I went online.",,,https://www.eslfast.com/easydialogs/ec/shop08.htm,Shopping,Bad Business,v1,https://www.eslfast.com/easydialogs/audio/shop08.mp3
eslfast_easydialogs_shopping_bad_business_1,B, Did you find a solution?,,,https://www.eslfast.com/easydialogs/ec/shop08.htm,Shopping,Bad Business,v1,https://www.eslfast.com/easydialogs/audio/shop08.mp3
eslfast_easydialogs_shopping_bad_business_1,A," Yes, I did. A site I went to said they would send me the solution.",,,https://www.eslfast.com/easydialogs/ec/shop08.htm,Shopping,Bad Business,v1,https://www.eslfast.com/easydialogs/audio/shop08.mp3
eslfast_easydialogs_shopping_bad_business_1,B," So, what's the problem?",,,https://www.eslfast.com/easydialogs/ec/shop08.htm,Shopping,Bad Business,v1,https://www.eslfast.com/easydialogs/audio/shop08.mp3
eslfast_easydialogs_shopping_bad_business_1,A," I sent them $20 using my credit card, but they never sent me the solution.",,,https://www.eslfast.com/easydialogs/ec/shop08.htm,Shopping,Bad Business,v1,https://www.eslfast.com/easydialogs/audio/shop08.mp3
eslfast_easydialogs_shopping_bad_business_1,B, What are you going to do?,,,https://www.eslfast.com/easydialogs/ec/shop08.htm,Shopping,Bad Business,v1,https://www.eslfast.com/easydialogs/audio/shop08.mp3
eslfast_easydialogs_shopping_bad_business_1,A, I sent them an email asking for my money back.,,,https://www.eslfast.com/easydialogs/ec/shop08.htm,Shopping,Bad Business,v1,https://www.eslfast.com/easydialogs/audio/shop08.mp3
eslfast_easydialogs_shopping_bad_business_1,B, Have you heard from them?,,,https://www.eslfast.com/easydialogs/ec/shop08.htm,Shopping,Bad Business,v1,https://www.eslfast.com/easydialogs/audio/shop08.mp3
eslfast_easydialogs_shopping_bad_business_1,A, Not yet. It's been a week.,,,https://www.eslfast.com/easydialogs/ec/shop08.htm,Shopping,Bad Business,v1,https://www.eslfast.com/easydialogs/audio/shop08.mp3
eslfast_easydialogs_shopping_bad_business_1,B," Well, I guess that's a $20 lesson for you.",,,https://www.eslfast.com/easydialogs/ec/shop08.htm,Shopping,Bad Business,v1,https://www.eslfast.com/easydialogs/audio/shop08.mp3
eslfast_easydialogs_shopping_wipe_everything_1,A, What are those wipes for?,,,https://www.eslfast.com/easydialogs/ec/shop05.htm,Shopping,Wipe Everything,v1,https://www.eslfast.com/easydialogs/audio/shop05.mp3
eslfast_easydialogs_shopping_wipe_everything_1,B, You use them to wipe the handle of the shopping cart.,,,https://www.eslfast.com/easydialogs/ec/shop05.htm,Shopping,Wipe Everything,v1,https://www.eslfast.com/easydialogs/audio/shop05.mp3
eslfast_easydialogs_shopping_wipe_everything_1,A, That's a great idea.,,,https://www.eslfast.com/easydialogs/ec/shop05.htm,Shopping,Wipe Everything,v1,https://www.eslfast.com/easydialogs/audio/shop05.mp3
eslfast_easydialogs_shopping_wipe_everything_1,B," Yes, all the markets just started offering wipes to shoppers.",,,https://www.eslfast.com/easydialogs/ec/shop05.htm,Shopping,Wipe Everything,v1,https://www.eslfast.com/easydialogs/audio/shop05.mp3
eslfast_easydialogs_shopping_wipe_everything_1,A, I'm going to take five wipes.,,,https://www.eslfast.com/easydialogs/ec/shop05.htm,Shopping,Wipe Everything,v1,https://www.eslfast.com/easydialogs/audio/shop05.mp3
eslfast_easydialogs_shopping_wipe_everything_1,B, What do you need five of them for?,,,https://www.eslfast.com/easydialogs/ec/shop05.htm,Shopping,Wipe Everything,v1,https://www.eslfast.com/easydialogs/audio/shop05.mp3
eslfast_easydialogs_shopping_wipe_everything_1,A," One to wipe the handle, and the others to wipe the produce.",,,https://www.eslfast.com/easydialogs/ec/shop05.htm,Shopping,Wipe Everything,v1,https://www.eslfast.com/easydialogs/audio/shop05.mp3
eslfast_easydialogs_shopping_wipe_everything_1,B, What's the matter with the produce?,,,https://www.eslfast.com/easydialogs/ec/shop05.htm,Shopping,Wipe Everything,v1,https://www.eslfast.com/easydialogs/audio/shop05.mp3
eslfast_easydialogs_shopping_wipe_everything_1,A, Do you think the bananas fell from the sky?,,,https://www.eslfast.com/easydialogs/ec/shop05.htm,Shopping,Wipe Everything,v1,https://www.eslfast.com/easydialogs/audio/shop05.mp3
eslfast_easydialogs_shopping_wipe_everything_1,B, What do you mean?,,,https://www.eslfast.com/easydialogs/ec/shop05.htm,Shopping,Wipe Everything,v1,https://www.eslfast.com/easydialogs/audio/shop05.mp3
eslfast_easydialogs_shopping_wipe_everything_1,A," I mean, someone used their dirty hands to pick the bananas, the apples, and the oranges.",,,https://www.eslfast.com/easydialogs/ec/shop05.htm,Shopping,Wipe Everything,v1,https://www.eslfast.com/easydialogs/audio/shop05.mp3
eslfast_easydialogs_shopping_wipe_everything_1,B," Well, you better save a wipe for the dirty dollar bills you're going to pay with.",,,https://www.eslfast.com/easydialogs/ec/shop05.htm,Shopping,Wipe Everything,v1,https://www.eslfast.com/easydialogs/audio/shop05.mp3
eslfast_easydialogs_food_don_t_be_lazy_1,A, I saw what you did.,,,https://www.eslfast.com/easydialogs/ec/food11.htm,Food,Don't Be Lazy,v1,https://www.eslfast.com/easydialogs/audio/food11.mp3
eslfast_easydialogs_food_don_t_be_lazy_1,B, I didn't do anything.,,,https://www.eslfast.com/easydialogs/ec/food11.htm,Food,Don't Be Lazy,v1,https://www.eslfast.com/easydialogs/audio/food11.mp3
eslfast_easydialogs_food_don_t_be_lazy_1,A," Oh yes, you did.",,,https://www.eslfast.com/easydialogs/ec/food11.htm,Food,Don't Be Lazy,v1,https://www.eslfast.com/easydialogs/audio/food11.mp3
eslfast_easydialogs_food_don_t_be_lazy_1,B, What are you talking about?,,,https://www.eslfast.com/easydialogs/ec/food11.htm,Food,Don't Be Lazy,v1,https://www.eslfast.com/easydialogs/audio/food11.mp3
eslfast_easydialogs_food_don_t_be_lazy_1,A, You know what I'm talking about.,,,https://www.eslfast.com/easydialogs/ec/food11.htm,Food,Don't Be Lazy,v1,https://www.eslfast.com/easydialogs/audio/food11.mp3
eslfast_easydialogs_food_don_t_be_lazy_1,B, I don't have any idea.,,,https://www.eslfast.com/easydialogs/ec/food11.htm,Food,Don't Be Lazy,v1,https://www.eslfast.com/easydialogs/audio/food11.mp3
eslfast_easydialogs_food_don_t_be_lazy_1,A, You know what you did.,,,https://www.eslfast.com/easydialogs/ec/food11.htm,Food,Don't Be Lazy,v1,https://www.eslfast.com/easydialogs/audio/food11.mp3
eslfast_easydialogs_food_don_t_be_lazy_1,B," Maybe I know, but how could you know?",,,https://www.eslfast.com/easydialogs/ec/food11.htm,Food,Don't Be Lazy,v1,https://www.eslfast.com/easydialogs/audio/food11.mp3
eslfast_easydialogs_food_don_t_be_lazy_1,A, Because I was watching you.,,,https://www.eslfast.com/easydialogs/ec/food11.htm,Food,Don't Be Lazy,v1,https://www.eslfast.com/easydialogs/audio/food11.mp3
eslfast_easydialogs_food_don_t_be_lazy_1,B," Okay, I'm sorry I did it.",,,https://www.eslfast.com/easydialogs/ec/food11.htm,Food,Don't Be Lazy,v1,https://www.eslfast.com/easydialogs/audio/food11.mp3
eslfast_easydialogs_food_don_t_be_lazy_1,A, Don't drink milk out of the carton. Use a glass!,,,https://www.eslfast.com/easydialogs/ec/food11.htm,Food,Don't Be Lazy,v1,https://www.eslfast.com/easydialogs/audio/food11.mp3
eslfast_easydialogs_food_don_t_be_lazy_1,B, I promise I'll never drink out of the carton again.,,,https://www.eslfast.com/easydialogs/ec/food11.htm,Food,Don't Be Lazy,v1,https://www.eslfast.com/easydialogs/audio/food11.mp3
eslfast_easydialogs_eating_out_do_i_hear_60_000_1,A, I don't believe the art world.,,,https://www.eslfast.com/easydialogs/ec/restaurant10.htm,Eating Out,"Do I Hear $60,000?",v1,https://www.eslfast.com/easydialogs/audio/restaurant10.mp3
eslfast_easydialogs_eating_out_do_i_hear_60_000_1,B, What is it this time?,,,https://www.eslfast.com/easydialogs/ec/restaurant10.htm,Eating Out,"Do I Hear $60,000?",v1,https://www.eslfast.com/easydialogs/audio/restaurant10.mp3
eslfast_easydialogs_eating_out_do_i_hear_60_000_1,A, An Andy Warhol drawing.,,,https://www.eslfast.com/easydialogs/ec/restaurant10.htm,Eating Out,"Do I Hear $60,000?",v1,https://www.eslfast.com/easydialogs/audio/restaurant10.mp3
eslfast_easydialogs_eating_out_do_i_hear_60_000_1,B, He's a famous artist.,,,https://www.eslfast.com/easydialogs/ec/restaurant10.htm,Eating Out,"Do I Hear $60,000?",v1,https://www.eslfast.com/easydialogs/audio/restaurant10.mp3
eslfast_easydialogs_eating_out_do_i_hear_60_000_1,A, He drew two butterflies and a flower on a napkin in a restaurant.,,,https://www.eslfast.com/easydialogs/ec/restaurant10.htm,Eating Out,"Do I Hear $60,000?",v1,https://www.eslfast.com/easydialogs/audio/restaurant10.mp3
eslfast_easydialogs_eating_out_do_i_hear_60_000_1,B, Did he sign it?,,,https://www.eslfast.com/easydialogs/ec/restaurant10.htm,Eating Out,"Do I Hear $60,000?",v1,https://www.eslfast.com/easydialogs/audio/restaurant10.mp3
eslfast_easydialogs_eating_out_do_i_hear_60_000_1,A, Yes.,,,https://www.eslfast.com/easydialogs/ec/restaurant10.htm,Eating Out,"Do I Hear $60,000?",v1,https://www.eslfast.com/easydialogs/audio/restaurant10.mp3
eslfast_easydialogs_eating_out_do_i_hear_60_000_1,B, Is it beautiful?,,,https://www.eslfast.com/easydialogs/ec/restaurant10.htm,Eating Out,"Do I Hear $60,000?",v1,https://www.eslfast.com/easydialogs/audio/restaurant10.mp3
eslfast_easydialogs_eating_out_do_i_hear_60_000_1,A, It's just black ink on a white napkin. And the napkin has food stains!,,,https://www.eslfast.com/easydialogs/ec/restaurant10.htm,Eating Out,"Do I Hear $60,000?",v1,https://www.eslfast.com/easydialogs/audio/restaurant10.mp3
eslfast_easydialogs_eating_out_do_i_hear_60_000_1,B, So it's not worth much?,,,https://www.eslfast.com/easydialogs/ec/restaurant10.htm,Eating Out,"Do I Hear $60,000?",v1,https://www.eslfast.com/easydialogs/audio/restaurant10.mp3
eslfast_easydialogs_eating_out_do_i_hear_60_000_1,A," Only about $30,000.",,,https://www.eslfast.com/easydialogs/ec/restaurant10.htm,Eating Out,"Do I Hear $60,000?",v1,https://www.eslfast.com/easydialogs/audio/restaurant10.mp3
eslfast_easydialogs_eating_out_do_i_hear_60_000_1,B," Without the food stains, it would probably be worth more.",,,https://www.eslfast.com/easydialogs/ec/restaurant10.htm,Eating Out,"Do I Hear $60,000?",v1,https://www.eslfast.com/easydialogs/audio/restaurant10.mp3
eslfast_easydialogs_food_no_more_for_me_1,A, I'm stuffed.,,,https://www.eslfast.com/easydialogs/ec/food10.htm,Food,No More for Me,v1,https://www.eslfast.com/easydialogs/audio/food10.mp3
eslfast_easydialogs_food_no_more_for_me_1,B, Of course you are. You ate everything on the table.,,,https://www.eslfast.com/easydialogs/ec/food10.htm,Food,No More for Me,v1,https://www.eslfast.com/easydialogs/audio/food10.mp3
eslfast_easydialogs_food_no_more_for_me_1,A, I don't like to eat leftovers.,,,https://www.eslfast.com/easydialogs/ec/food10.htm,Food,No More for Me,v1,https://www.eslfast.com/easydialogs/audio/food10.mp3
eslfast_easydialogs_food_no_more_for_me_1,B, I'm glad to hear there's something you don't like to eat.,,,https://www.eslfast.com/easydialogs/ec/food10.htm,Food,No More for Me,v1,https://www.eslfast.com/easydialogs/audio/food10.mp3
eslfast_easydialogs_food_no_more_for_me_1,A, I like my food hot and fresh.,,,https://www.eslfast.com/easydialogs/ec/food10.htm,Food,No More for Me,v1,https://www.eslfast.com/easydialogs/audio/food10.mp3
eslfast_easydialogs_food_no_more_for_me_1,B, You like to see it disappear.,,,https://www.eslfast.com/easydialogs/ec/food10.htm,Food,No More for Me,v1,https://www.eslfast.com/easydialogs/audio/food10.mp3
eslfast_easydialogs_food_no_more_for_me_1,A, I don't like it reheated.,,,https://www.eslfast.com/easydialogs/ec/food10.htm,Food,No More for Me,v1,https://www.eslfast.com/easydialogs/audio/food10.mp3
eslfast_easydialogs_food_no_more_for_me_1,B," Well, you'll have hot fresh food tomorrow night.",,,https://www.eslfast.com/easydialogs/ec/food10.htm,Food,No More for Me,v1,https://www.eslfast.com/easydialogs/audio/food10.mp3
eslfast_easydialogs_food_no_more_for_me_1,A, I'm so full I'm going to burst.,,,https://www.eslfast.com/easydialogs/ec/food10.htm,Food,No More for Me,v1,https://www.eslfast.com/easydialogs/audio/food10.mp3
eslfast_easydialogs_food_no_more_for_me_1,B, You should loosen your belt.,,,https://www.eslfast.com/easydialogs/ec/food10.htm,Food,No More for Me,v1,https://www.eslfast.com/easydialogs/audio/food10.mp3
eslfast_easydialogs_food_no_more_for_me_1,A, I already loosened my belt and unbuttoned my pants.,,,https://www.eslfast.com/easydialogs/ec/food10.htm,Food,No More for Me,v1,https://www.eslfast.com/easydialogs/audio/food10.mp3
eslfast_easydialogs_food_no_more_for_me_1,B," Well, don't stand up, please.",,,https://www.eslfast.com/easydialogs/ec/food10.htm,Food,No More for Me,v1,https://www.eslfast.com/easydialogs/audio/food10.mp3
eslfast_easydialogs_shopping_the_99_cents_store_1,A, Did you go to the 99 Cents store?,,,https://www.eslfast.com/easydialogs/ec/shop06.htm,Shopping,The 99 Cents Store,v1,https://www.eslfast.com/easydialogs/audio/shop06.mp3
eslfast_easydialogs_shopping_the_99_cents_store_1,B," Yes, I did.",,,https://www.eslfast.com/easydialogs/ec/shop06.htm,Shopping,The 99 Cents Store,v1,https://www.eslfast.com/easydialogs/audio/shop06.mp3
eslfast_easydialogs_shopping_the_99_cents_store_1,A, What did you buy?,,,https://www.eslfast.com/easydialogs/ec/shop06.htm,Shopping,The 99 Cents Store,v1,https://www.eslfast.com/easydialogs/audio/shop06.mp3
eslfast_easydialogs_shopping_the_99_cents_store_1,B," Well, I got a lot of good deals, as usual.",,,https://www.eslfast.com/easydialogs/ec/shop06.htm,Shopping,The 99 Cents Store,v1,https://www.eslfast.com/easydialogs/audio/shop06.mp3
eslfast_easydialogs_shopping_the_99_cents_store_1,A, Like what?,,,https://www.eslfast.com/easydialogs/ec/shop06.htm,Shopping,The 99 Cents Store,v1,https://www.eslfast.com/easydialogs/audio/shop06.mp3
eslfast_easydialogs_shopping_the_99_cents_store_1,B," Well, a dozen large eggs were only 99 cents.",,,https://www.eslfast.com/easydialogs/ec/shop06.htm,Shopping,The 99 Cents Store,v1,https://www.eslfast.com/easydialogs/audio/shop06.mp3
eslfast_easydialogs_shopping_the_99_cents_store_1,A, That's a good deal.,,,https://www.eslfast.com/easydialogs/ec/shop06.htm,Shopping,The 99 Cents Store,v1,https://www.eslfast.com/easydialogs/audio/shop06.mp3
eslfast_easydialogs_shopping_the_99_cents_store_1,B, And a one-pound tub of soft butter was the same price.,,,https://www.eslfast.com/easydialogs/ec/shop06.htm,Shopping,The 99 Cents Store,v1,https://www.eslfast.com/easydialogs/audio/shop06.mp3
eslfast_easydialogs_shopping_the_99_cents_store_1,A, Another good deal.,,,https://www.eslfast.com/easydialogs/ec/shop06.htm,Shopping,The 99 Cents Store,v1,https://www.eslfast.com/easydialogs/audio/shop06.mp3
eslfast_easydialogs_shopping_the_99_cents_store_1,B, But the best deal was five pounds of potatoes for 99 cents.,,,https://www.eslfast.com/easydialogs/ec/shop06.htm,Shopping,The 99 Cents Store,v1,https://www.eslfast.com/easydialogs/audio/shop06.mp3
eslfast_easydialogs_shopping_the_99_cents_store_1,A, I don't know how that store makes money.,,,https://www.eslfast.com/easydialogs/ec/shop06.htm,Shopping,The 99 Cents Store,v1,https://www.eslfast.com/easydialogs/audio/shop06.mp3
eslfast_easydialogs_shopping_the_99_cents_store_1,B," Neither do I, but they're doing something right.",,,https://www.eslfast.com/easydialogs/ec/shop06.htm,Shopping,The 99 Cents Store,v1,https://www.eslfast.com/easydialogs/audio/shop06.mp3
eslfast_easydialogs_eating_out_a_good_table_1,A, Is this table okay?,,,https://www.eslfast.com/easydialogs/ec/restaurant09.htm,Eating Out,A Good Table,v1,https://www.eslfast.com/easydialogs/audio/restaurant09.mp3
eslfast_easydialogs_eating_out_a_good_table_1,B," No, it's too close to the kitchen door.",,,https://www.eslfast.com/easydialogs/ec/restaurant09.htm,Eating Out,A Good Table,v1,https://www.eslfast.com/easydialogs/audio/restaurant09.mp3
eslfast_easydialogs_eating_out_a_good_table_1,A, How about this table?,,,https://www.eslfast.com/easydialogs/ec/restaurant09.htm,Eating Out,A Good Table,v1,https://www.eslfast.com/easydialogs/audio/restaurant09.mp3
eslfast_easydialogs_eating_out_a_good_table_1,B," No, it's too close to the front door.",,,https://www.eslfast.com/easydialogs/ec/restaurant09.htm,Eating Out,A Good Table,v1,https://www.eslfast.com/easydialogs/audio/restaurant09.mp3
eslfast_easydialogs_eating_out_a_good_table_1,A, This looks like a nice table.,,,https://www.eslfast.com/easydialogs/ec/restaurant09.htm,Eating Out,A Good Table,v1,https://www.eslfast.com/easydialogs/audio/restaurant09.mp3
eslfast_easydialogs_eating_out_a_good_table_1,B," No, it's too close to the salad bar.",,,https://www.eslfast.com/easydialogs/ec/restaurant09.htm,Eating Out,A Good Table,v1,https://www.eslfast.com/easydialogs/audio/restaurant09.mp3
eslfast_easydialogs_eating_out_a_good_table_1,A," Okay, I give up.",,,https://www.eslfast.com/easydialogs/ec/restaurant09.htm,Eating Out,A Good Table,v1,https://www.eslfast.com/easydialogs/audio/restaurant09.mp3
eslfast_easydialogs_eating_out_a_good_table_1,B," Well, there is one good table.",,,https://www.eslfast.com/easydialogs/ec/restaurant09.htm,Eating Out,A Good Table,v1,https://www.eslfast.com/easydialogs/audio/restaurant09.mp3
eslfast_easydialogs_eating_out_a_good_table_1,A, Great. Which one?,,,https://www.eslfast.com/easydialogs/ec/restaurant09.htm,Eating Out,A Good Table,v1,https://www.eslfast.com/easydialogs/audio/restaurant09.mp3
eslfast_easydialogs_eating_out_a_good_table_1,B, That one. A group of eight just sat down at it.,,,https://www.eslfast.com/easydialogs/ec/restaurant09.htm,Eating Out,A Good Table,v1,https://www.eslfast.com/easydialogs/audio/restaurant09.mp3
eslfast_easydialogs_daily_life_part_three_dialing_for_a_dollar_1,A, I don't have long distance service with my home phone.,,,https://www.eslfast.com/easydialogs/ec/dailylife077.htm,Daily Life (Part Three),Dialing for a Dollar,v1,https://www.eslfast.com/easydialogs/audio/dailylife077.mp3
eslfast_easydialogs_daily_life_part_three_dialing_for_a_dollar_1,B, So how do you make long distance calls?,,,https://www.eslfast.com/easydialogs/ec/dailylife077.htm,Daily Life (Part Three),Dialing for a Dollar,v1,https://www.eslfast.com/easydialogs/audio/dailylife077.mp3
eslfast_easydialogs_daily_life_part_three_dialing_for_a_dollar_1,A, I use a calling card.,,,https://www.eslfast.com/easydialogs/ec/dailylife077.htm,Daily Life (Part Three),Dialing for a Dollar,v1,https://www.eslfast.com/easydialogs/audio/dailylife077.mp3
eslfast_easydialogs_daily_life_part_three_dialing_for_a_dollar_1,B, Where do you get that?,,,https://www.eslfast.com/easydialogs/ec/dailylife077.htm,Daily Life (Part Three),Dialing for a Dollar,v1,https://www.eslfast.com/easydialogs/audio/dailylife077.mp3
eslfast_easydialogs_daily_life_part_three_dialing_for_a_dollar_1,A, I buy it at the dollar store.,,,https://www.eslfast.com/easydialogs/ec/dailylife077.htm,Daily Life (Part Three),Dialing for a Dollar,v1,https://www.eslfast.com/easydialogs/audio/dailylife077.mp3
eslfast_easydialogs_daily_life_part_three_dialing_for_a_dollar_1,B, How much is it?,,,https://www.eslfast.com/easydialogs/ec/dailylife077.htm,Daily Life (Part Three),Dialing for a Dollar,v1,https://www.eslfast.com/easydialogs/audio/dailylife077.mp3
eslfast_easydialogs_daily_life_part_three_dialing_for_a_dollar_1,A, It's one dollar for 100 minutes.,,,https://www.eslfast.com/easydialogs/ec/dailylife077.htm,Daily Life (Part Three),Dialing for a Dollar,v1,https://www.eslfast.com/easydialogs/audio/dailylife077.mp3
eslfast_easydialogs_daily_life_part_three_dialing_for_a_dollar_1,B, That's only a penny a minute!,,,https://www.eslfast.com/easydialogs/ec/dailylife077.htm,Daily Life (Part Three),Dialing for a Dollar,v1,https://www.eslfast.com/easydialogs/audio/dailylife077.mp3
eslfast_easydialogs_daily_life_part_three_dialing_for_a_dollar_1,A, It's a great price. But you have to dial a lot of numbers.,,,https://www.eslfast.com/easydialogs/ec/dailylife077.htm,Daily Life (Part Three),Dialing for a Dollar,v1,https://www.eslfast.com/easydialogs/audio/dailylife077.mp3
eslfast_easydialogs_daily_life_part_three_dialing_for_a_dollar_1,B, How many?,,,https://www.eslfast.com/easydialogs/ec/dailylife077.htm,Daily Life (Part Three),Dialing for a Dollar,v1,https://www.eslfast.com/easydialogs/audio/dailylife077.mp3
eslfast_easydialogs_daily_life_part_three_dialing_for_a_dollar_1,A," First you dial seven numbers, then ten numbers, then ten more numbers.",,,https://www.eslfast.com/easydialogs/ec/dailylife077.htm,Daily Life (Part Three),Dialing for a Dollar,v1,https://www.eslfast.com/easydialogs/audio/dailylife077.mp3
eslfast_easydialogs_daily_life_part_three_dialing_for_a_dollar_1,B, Yikes. I think I'll keep my long distance service.,,,https://www.eslfast.com/easydialogs/ec/dailylife077.htm,Daily Life (Part Three),Dialing for a Dollar,v1,https://www.eslfast.com/easydialogs/audio/dailylife077.mp3
eslfast_easydialogs_school_life_hit_and_run_1,A, The cops finally found the husband.,,,https://www.eslfast.com/easydialogs/ec/schoollife15.htm,School Life,Hit and Run,v1,https://www.eslfast.com/easydialogs/audio/schoollife15.mp3
eslfast_easydialogs_school_life_hit_and_run_1,B, What husband?,,,https://www.eslfast.com/easydialogs/ec/schoollife15.htm,School Life,Hit and Run,v1,https://www.eslfast.com/easydialogs/audio/schoollife15.mp3
eslfast_easydialogs_school_life_hit_and_run_1,A, The husband of the driver who ran over two college students at 3 a.m.,,,https://www.eslfast.com/easydialogs/ec/schoollife15.htm,School Life,Hit and Run,v1,https://www.eslfast.com/easydialogs/audio/schoollife15.mp3
eslfast_easydialogs_school_life_hit_and_run_1,B," Oh, yeah. The girl died instantly, and the boy is still in the hospital.",,,https://www.eslfast.com/easydialogs/ec/schoollife15.htm,School Life,Hit and Run,v1,https://www.eslfast.com/easydialogs/audio/schoollife15.mp3
eslfast_easydialogs_school_life_hit_and_run_1,A, The husband said he tried to help the boy.,,,https://www.eslfast.com/easydialogs/ec/schoollife15.htm,School Life,Hit and Run,v1,https://www.eslfast.com/easydialogs/audio/schoollife15.mp3
eslfast_easydialogs_school_life_hit_and_run_1,B," Yes, he pushed him off the hood of the car.",,,https://www.eslfast.com/easydialogs/ec/schoollife15.htm,School Life,Hit and Run,v1,https://www.eslfast.com/easydialogs/audio/schoollife15.mp3
eslfast_easydialogs_school_life_hit_and_run_1,A," No, he said he gently placed the boy on the street.",,,https://www.eslfast.com/easydialogs/ec/schoollife15.htm,School Life,Hit and Run,v1,https://www.eslfast.com/easydialogs/audio/schoollife15.mp3
eslfast_easydialogs_school_life_hit_and_run_1,B, So what? They still drove off.,,,https://www.eslfast.com/easydialogs/ec/schoollife15.htm,School Life,Hit and Run,v1,https://www.eslfast.com/easydialogs/audio/schoollife15.mp3
eslfast_easydialogs_school_life_hit_and_run_1,A, The husband said a fire department was nearby.,,,https://www.eslfast.com/easydialogs/ec/schoollife15.htm,School Life,Hit and Run,v1,https://www.eslfast.com/easydialogs/audio/schoollife15.mp3
eslfast_easydialogs_school_life_hit_and_run_1,B, So what? Did he dial 911?,,,https://www.eslfast.com/easydialogs/ec/schoollife15.htm,School Life,Hit and Run,v1,https://www.eslfast.com/easydialogs/audio/schoollife15.mp3
eslfast_easydialogs_school_life_hit_and_run_1,A," He said he was thinking about it, but he didn't get around to it.",,,https://www.eslfast.com/easydialogs/ec/schoollife15.htm,School Life,Hit and Run,v1,https://www.eslfast.com/easydialogs/audio/schoollife15.mp3
eslfast_easydialogs_school_life_hit_and_run_1,B," He didn't get around to turning himself in, either.",,,https://www.eslfast.com/easydialogs/ec/schoollife15.htm,School Life,Hit and Run,v1,https://www.eslfast.com/easydialogs/audio/schoollife15.mp3
eslfast_easydialogs_daily_life_part_three_work_up_an_appetite_1,A, I had a busy morning.,,,https://www.eslfast.com/easydialogs/ec/dailylife076.htm,Daily Life (Part Three),Work up an Appetite,v1,https://www.eslfast.com/easydialogs/audio/dailylife076.mp3
eslfast_easydialogs_daily_life_part_three_work_up_an_appetite_1,B, What did you do?,,,https://www.eslfast.com/easydialogs/ec/dailylife076.htm,Daily Life (Part Three),Work up an Appetite,v1,https://www.eslfast.com/easydialogs/audio/dailylife076.mp3
eslfast_easydialogs_daily_life_part_three_work_up_an_appetite_1,A, I watered all the plants.,,,https://www.eslfast.com/easydialogs/ec/dailylife076.htm,Daily Life (Part Three),Work up an Appetite,v1,https://www.eslfast.com/easydialogs/audio/dailylife076.mp3
eslfast_easydialogs_daily_life_part_three_work_up_an_appetite_1,B, You have a lot of plants.,,,https://www.eslfast.com/easydialogs/ec/dailylife076.htm,Daily Life (Part Three),Work up an Appetite,v1,https://www.eslfast.com/easydialogs/audio/dailylife076.mp3
eslfast_easydialogs_daily_life_part_three_work_up_an_appetite_1,A, Then I did my laundry.,,,https://www.eslfast.com/easydialogs/ec/dailylife076.htm,Daily Life (Part Three),Work up an Appetite,v1,https://www.eslfast.com/easydialogs/audio/dailylife076.mp3
eslfast_easydialogs_daily_life_part_three_work_up_an_appetite_1,B, That takes some time.,,,https://www.eslfast.com/easydialogs/ec/dailylife076.htm,Daily Life (Part Three),Work up an Appetite,v1,https://www.eslfast.com/easydialogs/audio/dailylife076.mp3
eslfast_easydialogs_daily_life_part_three_work_up_an_appetite_1,A, I took the dog for a walk.,,,https://www.eslfast.com/easydialogs/ec/dailylife076.htm,Daily Life (Part Three),Work up an Appetite,v1,https://www.eslfast.com/easydialogs/audio/dailylife076.mp3
eslfast_easydialogs_daily_life_part_three_work_up_an_appetite_1,B, I'll bet he enjoyed his walk.,,,https://www.eslfast.com/easydialogs/ec/dailylife076.htm,Daily Life (Part Three),Work up an Appetite,v1,https://www.eslfast.com/easydialogs/audio/dailylife076.mp3
eslfast_easydialogs_daily_life_part_three_work_up_an_appetite_1,A, I vacuumed the entire house.,,,https://www.eslfast.com/easydialogs/ec/dailylife076.htm,Daily Life (Part Three),Work up an Appetite,v1,https://www.eslfast.com/easydialogs/audio/dailylife076.mp3
eslfast_easydialogs_daily_life_part_three_work_up_an_appetite_1,B, That's a lot of work.,,,https://www.eslfast.com/easydialogs/ec/dailylife076.htm,Daily Life (Part Three),Work up an Appetite,v1,https://www.eslfast.com/easydialogs/audio/dailylife076.mp3
eslfast_easydialogs_daily_life_part_three_work_up_an_appetite_1,A, And then I made lunch.,,,https://www.eslfast.com/easydialogs/ec/dailylife076.htm,Daily Life (Part Three),Work up an Appetite,v1,https://www.eslfast.com/easydialogs/audio/dailylife076.mp3
eslfast_easydialogs_daily_life_part_three_work_up_an_appetite_1,B, I'll bet you were hungry!,,,https://www.eslfast.com/easydialogs/ec/dailylife076.htm,Daily Life (Part Three),Work up an Appetite,v1,https://www.eslfast.com/easydialogs/audio/dailylife076.mp3
eslfast_easydialogs_daily_life_part_one_give_me_a_puppy_1,A," Mom, I want a puppy.",,,https://www.eslfast.com/easydialogs/ec/dailylife025.htm,Daily Life (Part One),Give Me a Puppy,v1,https://www.eslfast.com/easydialogs/audio/dailylife025.mp3
eslfast_easydialogs_daily_life_part_one_give_me_a_puppy_1,B, Let me think about it.,,,https://www.eslfast.com/easydialogs/ec/dailylife025.htm,Daily Life (Part One),Give Me a Puppy,v1,https://www.eslfast.com/easydialogs/audio/dailylife025.mp3
eslfast_easydialogs_daily_life_part_one_give_me_a_puppy_1,A, Why do you have to think about it?,,,https://www.eslfast.com/easydialogs/ec/dailylife025.htm,Daily Life (Part One),Give Me a Puppy,v1,https://www.eslfast.com/easydialogs/audio/dailylife025.mp3
eslfast_easydialogs_daily_life_part_one_give_me_a_puppy_1,B, Because a puppy costs money.,,,https://www.eslfast.com/easydialogs/ec/dailylife025.htm,Daily Life (Part One),Give Me a Puppy,v1,https://www.eslfast.com/easydialogs/audio/dailylife025.mp3
eslfast_easydialogs_daily_life_part_one_give_me_a_puppy_1,A," No, it doesn't. Puppies are free.",,,https://www.eslfast.com/easydialogs/ec/dailylife025.htm,Daily Life (Part One),Give Me a Puppy,v1,https://www.eslfast.com/easydialogs/audio/dailylife025.mp3
eslfast_easydialogs_daily_life_part_one_give_me_a_puppy_1,B," Yes, but a puppy needs shots.",,,https://www.eslfast.com/easydialogs/ec/dailylife025.htm,Daily Life (Part One),Give Me a Puppy,v1,https://www.eslfast.com/easydialogs/audio/dailylife025.mp3
eslfast_easydialogs_daily_life_part_one_give_me_a_puppy_1,A, Shots for what?,,,https://www.eslfast.com/easydialogs/ec/dailylife025.htm,Daily Life (Part One),Give Me a Puppy,v1,https://www.eslfast.com/easydialogs/audio/dailylife025.mp3
eslfast_easydialogs_daily_life_part_one_give_me_a_puppy_1,B, So it won't get sick. Just like you get shots.,,,https://www.eslfast.com/easydialogs/ec/dailylife025.htm,Daily Life (Part One),Give Me a Puppy,v1,https://www.eslfast.com/easydialogs/audio/dailylife025.mp3
eslfast_easydialogs_daily_life_part_one_give_me_a_puppy_1,A, I hate shots.,,,https://www.eslfast.com/easydialogs/ec/dailylife025.htm,Daily Life (Part One),Give Me a Puppy,v1,https://www.eslfast.com/easydialogs/audio/dailylife025.mp3
eslfast_easydialogs_daily_life_part_one_give_me_a_puppy_1,B, And a puppy eats food. Food costs money.,,,https://www.eslfast.com/easydialogs/ec/dailylife025.htm,Daily Life (Part One),Give Me a Puppy,v1,https://www.eslfast.com/easydialogs/audio/dailylife025.mp3
eslfast_easydialogs_daily_life_part_one_give_me_a_puppy_1,A, No problem. I'll give him food off my plate.,,,https://www.eslfast.com/easydialogs/ec/dailylife025.htm,Daily Life (Part One),Give Me a Puppy,v1,https://www.eslfast.com/easydialogs/audio/dailylife025.mp3
eslfast_easydialogs_daily_life_part_one_give_me_a_puppy_1,B," Oh, no you don't. Puppies don't eat vegetables.",,,https://www.eslfast.com/easydialogs/ec/dailylife025.htm,Daily Life (Part One),Give Me a Puppy,v1,https://www.eslfast.com/easydialogs/audio/dailylife025.mp3
eslfast_easydialogs_daily_life_part_two_fill_out_the_form_1,A, Will you look at this form?,,,https://www.eslfast.com/easydialogs/ec/dailylife050.htm,Daily Life (Part Two),Fill Out the Form,v1,https://www.eslfast.com/easydialogs/audio/dailylife050.mp3
eslfast_easydialogs_daily_life_part_two_fill_out_the_form_1,B, Are you having problems with it?,,,https://www.eslfast.com/easydialogs/ec/dailylife050.htm,Daily Life (Part Two),Fill Out the Form,v1,https://www.eslfast.com/easydialogs/audio/dailylife050.mp3
eslfast_easydialogs_daily_life_part_two_fill_out_the_form_1,A, I don't understand some things.,,,https://www.eslfast.com/easydialogs/ec/dailylife050.htm,Daily Life (Part Two),Fill Out the Form,v1,https://www.eslfast.com/easydialogs/audio/dailylife050.mp3
eslfast_easydialogs_daily_life_part_two_fill_out_the_form_1,B, Let me help you.,,,https://www.eslfast.com/easydialogs/ec/dailylife050.htm,Daily Life (Part Two),Fill Out the Form,v1,https://www.eslfast.com/easydialogs/audio/dailylife050.mp3
eslfast_easydialogs_daily_life_part_two_fill_out_the_form_1,A," What does ""MI"" mean?",,,https://www.eslfast.com/easydialogs/ec/dailylife050.htm,Daily Life (Part Two),Fill Out the Form,v1,https://www.eslfast.com/easydialogs/audio/dailylife050.mp3
eslfast_easydialogs_daily_life_part_two_fill_out_the_form_1,B," ""MI"" stands for Middle Initial.",,,https://www.eslfast.com/easydialogs/ec/dailylife050.htm,Daily Life (Part Two),Fill Out the Form,v1,https://www.eslfast.com/easydialogs/audio/dailylife050.mp3
eslfast_easydialogs_daily_life_part_two_fill_out_the_form_1,A," What does ""MM/DD/YY"" mean?",,,https://www.eslfast.com/easydialogs/ec/dailylife050.htm,Daily Life (Part Two),Fill Out the Form,v1,https://www.eslfast.com/easydialogs/audio/dailylife050.mp3
eslfast_easydialogs_daily_life_part_two_fill_out_the_form_1,B, That means Month/Day/Year. Use numbers.,,,https://www.eslfast.com/easydialogs/ec/dailylife050.htm,Daily Life (Part Two),Fill Out the Form,v1,https://www.eslfast.com/easydialogs/audio/dailylife050.mp3
eslfast_easydialogs_daily_life_part_two_fill_out_the_form_1,A, I don't understand.,,,https://www.eslfast.com/easydialogs/ec/dailylife050.htm,Daily Life (Part Two),Fill Out the Form,v1,https://www.eslfast.com/easydialogs/audio/dailylife050.mp3
eslfast_easydialogs_daily_life_part_two_fill_out_the_form_1,B," For example, if your birth date is January 12, 1987, write 01/12/87.",,,https://www.eslfast.com/easydialogs/ec/dailylife050.htm,Daily Life (Part Two),Fill Out the Form,v1,https://www.eslfast.com/easydialogs/audio/dailylife050.mp3
eslfast_easydialogs_daily_life_part_two_fill_out_the_form_1,A, Oh. That's simple enough.,,,https://www.eslfast.com/easydialogs/ec/dailylife050.htm,Daily Life (Part Two),Fill Out the Form,v1,https://www.eslfast.com/easydialogs/audio/dailylife050.mp3
eslfast_easydialogs_daily_life_part_two_fill_out_the_form_1,B," Always print clearly, and fill in the bubbles completely.",,,https://www.eslfast.com/easydialogs/ec/dailylife050.htm,Daily Life (Part Two),Fill Out the Form,v1,https://www.eslfast.com/easydialogs/audio/dailylife050.mp3
eslfast_easydialogs_entertainment_going_digital_1,A, All the TV stations are going to go digital.,,,https://www.eslfast.com/easydialogs/ec/entertainment20.htm,Entertainment,Going Digital,v1,https://www.eslfast.com/easydialogs/audio/entertainment20.mp3
eslfast_easydialogs_entertainment_going_digital_1,B," Yes, that will occur next month.",,,https://www.eslfast.com/easydialogs/ec/entertainment20.htm,Entertainment,Going Digital,v1,https://www.eslfast.com/easydialogs/audio/entertainment20.mp3
eslfast_easydialogs_entertainment_going_digital_1,A, Most of them are already broadcasting in digital.,,,https://www.eslfast.com/easydialogs/ec/entertainment20.htm,Entertainment,Going Digital,v1,https://www.eslfast.com/easydialogs/audio/entertainment20.mp3
eslfast_easydialogs_entertainment_going_digital_1,B, The digital signal is very clear.,,,https://www.eslfast.com/easydialogs/ec/entertainment20.htm,Entertainment,Going Digital,v1,https://www.eslfast.com/easydialogs/audio/entertainment20.mp3
eslfast_easydialogs_entertainment_going_digital_1,A," Oh, no, it isn't!",,,https://www.eslfast.com/easydialogs/ec/entertainment20.htm,Entertainment,Going Digital,v1,https://www.eslfast.com/easydialogs/audio/entertainment20.mp3
eslfast_easydialogs_entertainment_going_digital_1,B, What do you mean?,,,https://www.eslfast.com/easydialogs/ec/entertainment20.htm,Entertainment,Going Digital,v1,https://www.eslfast.com/easydialogs/audio/entertainment20.mp3
eslfast_easydialogs_entertainment_going_digital_1,A, I can't get a single channel.,,,https://www.eslfast.com/easydialogs/ec/entertainment20.htm,Entertainment,Going Digital,v1,https://www.eslfast.com/easydialogs/audio/entertainment20.mp3
eslfast_easydialogs_entertainment_going_digital_1,B, Do you have a digital TV?,,,https://www.eslfast.com/easydialogs/ec/entertainment20.htm,Entertainment,Going Digital,v1,https://www.eslfast.com/easydialogs/audio/entertainment20.mp3
eslfast_easydialogs_entertainment_going_digital_1,A, Of course. But I don't have cable.,,,https://www.eslfast.com/easydialogs/ec/entertainment20.htm,Entertainment,Going Digital,v1,https://www.eslfast.com/easydialogs/audio/entertainment20.mp3
eslfast_easydialogs_entertainment_going_digital_1,B," You don't need to have cable, but you do need a good antenna.",,,https://www.eslfast.com/easydialogs/ec/entertainment20.htm,Entertainment,Going Digital,v1,https://www.eslfast.com/easydialogs/audio/entertainment20.mp3
eslfast_easydialogs_entertainment_going_digital_1,A, But I have rabbit ears.,,,https://www.eslfast.com/easydialogs/ec/entertainment20.htm,Entertainment,Going Digital,v1,https://www.eslfast.com/easydialogs/audio/entertainment20.mp3
eslfast_easydialogs_entertainment_going_digital_1,B, Rabbit ears aren't strong enough. Buy a digital antenna.,,,https://www.eslfast.com/easydialogs/ec/entertainment20.htm,Entertainment,Going Digital,v1,https://www.eslfast.com/easydialogs/audio/entertainment20.mp3
eslfast_easydialogs_daily_life_part_two_let_s_not_go_out_1,A, I hate to go outside.,,,https://www.eslfast.com/easydialogs/ec/dailylife049.htm,Daily Life (Part Two),Let's Not Go Out,v1,https://www.eslfast.com/easydialogs/audio/dailylife049.mp3
eslfast_easydialogs_daily_life_part_two_let_s_not_go_out_1,B, Me too.,,,https://www.eslfast.com/easydialogs/ec/dailylife049.htm,Daily Life (Part Two),Let's Not Go Out,v1,https://www.eslfast.com/easydialogs/audio/dailylife049.mp3
eslfast_easydialogs_daily_life_part_two_let_s_not_go_out_1,A, Why do you hate to go outside?,,,https://www.eslfast.com/easydialogs/ec/dailylife049.htm,Daily Life (Part Two),Let's Not Go Out,v1,https://www.eslfast.com/easydialogs/audio/dailylife049.mp3
eslfast_easydialogs_daily_life_part_two_let_s_not_go_out_1,B, I meet too many jerks.,,,https://www.eslfast.com/easydialogs/ec/dailylife049.htm,Daily Life (Part Two),Let's Not Go Out,v1,https://www.eslfast.com/easydialogs/audio/dailylife049.mp3
eslfast_easydialogs_daily_life_part_two_let_s_not_go_out_1,A, I agree.,,,https://www.eslfast.com/easydialogs/ec/dailylife049.htm,Daily Life (Part Two),Let's Not Go Out,v1,https://www.eslfast.com/easydialogs/audio/dailylife049.mp3
eslfast_easydialogs_daily_life_part_two_let_s_not_go_out_1,B, This city is full of jerks.,,,https://www.eslfast.com/easydialogs/ec/dailylife049.htm,Daily Life (Part Two),Let's Not Go Out,v1,https://www.eslfast.com/easydialogs/audio/dailylife049.mp3
eslfast_easydialogs_daily_life_part_two_let_s_not_go_out_1,A, Rude people are everywhere.,,,https://www.eslfast.com/easydialogs/ec/dailylife049.htm,Daily Life (Part Two),Let's Not Go Out,v1,https://www.eslfast.com/easydialogs/audio/dailylife049.mp3
eslfast_easydialogs_daily_life_part_two_let_s_not_go_out_1,B, But what can you do?,,,https://www.eslfast.com/easydialogs/ec/dailylife049.htm,Daily Life (Part Two),Let's Not Go Out,v1,https://www.eslfast.com/easydialogs/audio/dailylife049.mp3
eslfast_easydialogs_daily_life_part_two_let_s_not_go_out_1,A, You can yell at them.,,,https://www.eslfast.com/easydialogs/ec/dailylife049.htm,Daily Life (Part Two),Let's Not Go Out,v1,https://www.eslfast.com/easydialogs/audio/dailylife049.mp3
eslfast_easydialogs_daily_life_part_two_let_s_not_go_out_1,B, And they will yell back at you.,,,https://www.eslfast.com/easydialogs/ec/dailylife049.htm,Daily Life (Part Two),Let's Not Go Out,v1,https://www.eslfast.com/easydialogs/audio/dailylife049.mp3
eslfast_easydialogs_daily_life_part_two_let_s_not_go_out_1,A, Yelling doesn't do any good.,,,https://www.eslfast.com/easydialogs/ec/dailylife049.htm,Daily Life (Part Two),Let's Not Go Out,v1,https://www.eslfast.com/easydialogs/audio/dailylife049.mp3
eslfast_easydialogs_daily_life_part_two_let_s_not_go_out_1,B, No. The best thing to do is just stay home.,,,https://www.eslfast.com/easydialogs/ec/dailylife049.htm,Daily Life (Part Two),Let's Not Go Out,v1,https://www.eslfast.com/easydialogs/audio/dailylife049.mp3
eslfast_easydialogs_travel_row_your_boat_1,A, Some guy rowed across the Atlantic Ocean.,,,https://www.eslfast.com/easydialogs/ec/travel07.htm,Travel,Row Your Boat,v1,https://www.eslfast.com/easydialogs/audio/travel07.mp3
eslfast_easydialogs_travel_row_your_boat_1,B, Good for him.,,,https://www.eslfast.com/easydialogs/ec/travel07.htm,Travel,Row Your Boat,v1,https://www.eslfast.com/easydialogs/audio/travel07.mp3
eslfast_easydialogs_travel_row_your_boat_1,A, Why would he do that?,,,https://www.eslfast.com/easydialogs/ec/travel07.htm,Travel,Row Your Boat,v1,https://www.eslfast.com/easydialogs/audio/travel07.mp3
eslfast_easydialogs_travel_row_your_boat_1,B, Did he set a new record?,,,https://www.eslfast.com/easydialogs/ec/travel07.htm,Travel,Row Your Boat,v1,https://www.eslfast.com/easydialogs/audio/travel07.mp3
eslfast_easydialogs_travel_row_your_boat_1,A," Yes, I think he did.",,,https://www.eslfast.com/easydialogs/ec/travel07.htm,Travel,Row Your Boat,v1,https://www.eslfast.com/easydialogs/audio/travel07.mp3
eslfast_easydialogs_travel_row_your_boat_1,B," Well, I guess that's why he did it.",,,https://www.eslfast.com/easydialogs/ec/travel07.htm,Travel,Row Your Boat,v1,https://www.eslfast.com/easydialogs/audio/travel07.mp3
eslfast_easydialogs_travel_row_your_boat_1,A, What's the point?,,,https://www.eslfast.com/easydialogs/ec/travel07.htm,Travel,Row Your Boat,v1,https://www.eslfast.com/easydialogs/audio/travel07.mp3
eslfast_easydialogs_travel_row_your_boat_1,B, Now he has the world record!,,,https://www.eslfast.com/easydialogs/ec/travel07.htm,Travel,Row Your Boat,v1,https://www.eslfast.com/easydialogs/audio/travel07.mp3
eslfast_easydialogs_travel_row_your_boat_1,A," But someone's going to break it, so what good is it?",,,https://www.eslfast.com/easydialogs/ec/travel07.htm,Travel,Row Your Boat,v1,https://www.eslfast.com/easydialogs/audio/travel07.mp3
eslfast_easydialogs_travel_row_your_boat_1,B," Well, he can enjoy it while it lasts.",,,https://www.eslfast.com/easydialogs/ec/travel07.htm,Travel,Row Your Boat,v1,https://www.eslfast.com/easydialogs/audio/travel07.mp3
eslfast_easydialogs_travel_row_your_boat_1,A, I don't think he even got paid for it.,,,https://www.eslfast.com/easydialogs/ec/travel07.htm,Travel,Row Your Boat,v1,https://www.eslfast.com/easydialogs/audio/travel07.mp3
eslfast_easydialogs_travel_row_your_boat_1,B, Some people do it just to do it.,,,https://www.eslfast.com/easydialogs/ec/travel07.htm,Travel,Row Your Boat,v1,https://www.eslfast.com/easydialogs/audio/travel07.mp3
eslfast_easydialogs_housing_a_great_apartment_1,A, I hate looking for an apartment.,,,https://www.eslfast.com/easydialogs/ec/housing04.htm,Housing,A Great Apartment,v1,https://www.eslfast.com/easydialogs/audio/housing04.mp3
eslfast_easydialogs_housing_a_great_apartment_1,B," Me, too.",,,https://www.eslfast.com/easydialogs/ec/housing04.htm,Housing,A Great Apartment,v1,https://www.eslfast.com/easydialogs/audio/housing04.mp3
eslfast_easydialogs_housing_a_great_apartment_1,A, We have a 2 o'clock appointment to see the one on Main Street.,,,https://www.eslfast.com/easydialogs/ec/housing04.htm,Housing,A Great Apartment,v1,https://www.eslfast.com/easydialogs/audio/housing04.mp3
eslfast_easydialogs_housing_a_great_apartment_1,B, We'd better get ready to go.,,,https://www.eslfast.com/easydialogs/ec/housing04.htm,Housing,A Great Apartment,v1,https://www.eslfast.com/easydialogs/audio/housing04.mp3
eslfast_easydialogs_housing_a_great_apartment_1,A, It's an upstairs unit.,,,https://www.eslfast.com/easydialogs/ec/housing04.htm,Housing,A Great Apartment,v1,https://www.eslfast.com/easydialogs/audio/housing04.mp3
eslfast_easydialogs_housing_a_great_apartment_1,B," That's good, because I don't want to live under people with loud feet.",,,https://www.eslfast.com/easydialogs/ec/housing04.htm,Housing,A Great Apartment,v1,https://www.eslfast.com/easydialogs/audio/housing04.mp3
eslfast_easydialogs_housing_a_great_apartment_1,A, And it's a corner unit.,,,https://www.eslfast.com/easydialogs/ec/housing04.htm,Housing,A Great Apartment,v1,https://www.eslfast.com/easydialogs/audio/housing04.mp3
eslfast_easydialogs_housing_a_great_apartment_1,B, That's great. We won't have neighbors on both sides of us.,,,https://www.eslfast.com/easydialogs/ec/housing04.htm,Housing,A Great Apartment,v1,https://www.eslfast.com/easydialogs/audio/housing04.mp3
eslfast_easydialogs_housing_a_great_apartment_1,A, No pets are allowed.,,,https://www.eslfast.com/easydialogs/ec/housing04.htm,Housing,A Great Apartment,v1,https://www.eslfast.com/easydialogs/audio/housing04.mp3
eslfast_easydialogs_housing_a_great_apartment_1,B, Perfect. We don't have to listen to barking dogs.,,,https://www.eslfast.com/easydialogs/ec/housing04.htm,Housing,A Great Apartment,v1,https://www.eslfast.com/easydialogs/audio/housing04.mp3
eslfast_easydialogs_housing_a_great_apartment_1,A, And there are only six units in the whole building.,,,https://www.eslfast.com/easydialogs/ec/housing04.htm,Housing,A Great Apartment,v1,https://www.eslfast.com/easydialogs/audio/housing04.mp3
eslfast_easydialogs_housing_a_great_apartment_1,B, Where's the checkbook? I'm ready to rent it without even seeing it.,,,https://www.eslfast.com/easydialogs/ec/housing04.htm,Housing,A Great Apartment,v1,https://www.eslfast.com/easydialogs/audio/housing04.mp3
eslfast_easydialogs_housing_life_was_hard_1,A," Boy, it's chilly outside, isn't it?",,,https://www.eslfast.com/easydialogs/ec/housing07.htm,Housing,Life Was Hard,v1,https://www.eslfast.com/easydialogs/audio/housing07.mp3
eslfast_easydialogs_housing_life_was_hard_1,B, It sure is.,,,https://www.eslfast.com/easydialogs/ec/housing07.htm,Housing,Life Was Hard,v1,https://www.eslfast.com/easydialogs/audio/housing07.mp3
eslfast_easydialogs_housing_life_was_hard_1,A," In fact, it's chilly in the apartment, too.",,,https://www.eslfast.com/easydialogs/ec/housing07.htm,Housing,Life Was Hard,v1,https://www.eslfast.com/easydialogs/audio/housing07.mp3
eslfast_easydialogs_housing_life_was_hard_1,B, Let's turn on the heat.,,,https://www.eslfast.com/easydialogs/ec/housing07.htm,Housing,Life Was Hard,v1,https://www.eslfast.com/easydialogs/audio/housing07.mp3
eslfast_easydialogs_housing_life_was_hard_1,A, I'll check to make sure that all the windows are shut.,,,https://www.eslfast.com/easydialogs/ec/housing07.htm,Housing,Life Was Hard,v1,https://www.eslfast.com/easydialogs/audio/housing07.mp3
eslfast_easydialogs_housing_life_was_hard_1,B, It should be warmer in a few minutes.,,,https://www.eslfast.com/easydialogs/ec/housing07.htm,Housing,Life Was Hard,v1,https://www.eslfast.com/easydialogs/audio/housing07.mp3
eslfast_easydialogs_housing_life_was_hard_1,A, It's so nice to have a heated apartment.,,,https://www.eslfast.com/easydialogs/ec/housing07.htm,Housing,Life Was Hard,v1,https://www.eslfast.com/easydialogs/audio/housing07.mp3
eslfast_easydialogs_housing_life_was_hard_1,B, How did they survive in the old days?,,,https://www.eslfast.com/easydialogs/ec/housing07.htm,Housing,Life Was Hard,v1,https://www.eslfast.com/easydialogs/audio/housing07.mp3
eslfast_easydialogs_housing_life_was_hard_1,A, They had fireplaces.,,,https://www.eslfast.com/easydialogs/ec/housing07.htm,Housing,Life Was Hard,v1,https://www.eslfast.com/easydialogs/audio/housing07.mp3
eslfast_easydialogs_housing_life_was_hard_1,B, Someone had to chop the wood.,,,https://www.eslfast.com/easydialogs/ec/housing07.htm,Housing,Life Was Hard,v1,https://www.eslfast.com/easydialogs/audio/housing07.mp3
eslfast_easydialogs_housing_life_was_hard_1,A, And carry it into the house.,,,https://www.eslfast.com/easydialogs/ec/housing07.htm,Housing,Life Was Hard,v1,https://www.eslfast.com/easydialogs/audio/housing07.mp3
eslfast_easydialogs_housing_life_was_hard_1,B, All we have to do is flip a switch.,,,https://www.eslfast.com/easydialogs/ec/housing07.htm,Housing,Life Was Hard,v1,https://www.eslfast.com/easydialogs/audio/housing07.mp3
eslfast_easydialogs_housing_almost_perfect_1,A, Do you like this house?,,,https://www.eslfast.com/easydialogs/ec/housing06.htm,Housing,Almost Perfect,v1,https://www.eslfast.com/easydialogs/audio/housing06.mp3
eslfast_easydialogs_housing_almost_perfect_1,B," Yes, it's beautiful.",,,https://www.eslfast.com/easydialogs/ec/housing06.htm,Housing,Almost Perfect,v1,https://www.eslfast.com/easydialogs/audio/housing06.mp3
eslfast_easydialogs_housing_almost_perfect_1,A, It's perfect for us and the kids.,,,https://www.eslfast.com/easydialogs/ec/housing06.htm,Housing,Almost Perfect,v1,https://www.eslfast.com/easydialogs/audio/housing06.mp3
eslfast_easydialogs_housing_almost_perfect_1,B," Three bedrooms, three bathrooms, and a big back yard.",,,https://www.eslfast.com/easydialogs/ec/housing06.htm,Housing,Almost Perfect,v1,https://www.eslfast.com/easydialogs/audio/housing06.mp3
eslfast_easydialogs_housing_almost_perfect_1,A, And we can afford it!,,,https://www.eslfast.com/easydialogs/ec/housing06.htm,Housing,Almost Perfect,v1,https://www.eslfast.com/easydialogs/audio/housing06.mp3
eslfast_easydialogs_housing_almost_perfect_1,B, So are we going to buy it?,,,https://www.eslfast.com/easydialogs/ec/housing06.htm,Housing,Almost Perfect,v1,https://www.eslfast.com/easydialogs/audio/housing06.mp3
eslfast_easydialogs_housing_almost_perfect_1,A, I'm afraid not.,,,https://www.eslfast.com/easydialogs/ec/housing06.htm,Housing,Almost Perfect,v1,https://www.eslfast.com/easydialogs/audio/housing06.mp3
eslfast_easydialogs_housing_almost_perfect_1,B," It's too far from your job, isn't it?",,,https://www.eslfast.com/easydialogs/ec/housing06.htm,Housing,Almost Perfect,v1,https://www.eslfast.com/easydialogs/audio/housing06.mp3
eslfast_easydialogs_housing_almost_perfect_1,A, I can't spend four hours on the road every day.,,,https://www.eslfast.com/easydialogs/ec/housing06.htm,Housing,Almost Perfect,v1,https://www.eslfast.com/easydialogs/audio/housing06.mp3
eslfast_easydialogs_housing_almost_perfect_1,B," By the time you get home, you'll be too tired to even eat.",,,https://www.eslfast.com/easydialogs/ec/housing06.htm,Housing,Almost Perfect,v1,https://www.eslfast.com/easydialogs/audio/housing06.mp3
eslfast_easydialogs_housing_almost_perfect_1,A, I won't be able to play with the kids.,,,https://www.eslfast.com/easydialogs/ec/housing06.htm,Housing,Almost Perfect,v1,https://www.eslfast.com/easydialogs/audio/housing06.mp3
eslfast_easydialogs_housing_almost_perfect_1,B," No, we have to find something closer to your job.",,,https://www.eslfast.com/easydialogs/ec/housing06.htm,Housing,Almost Perfect,v1,https://www.eslfast.com/easydialogs/audio/housing06.mp3
eslfast_easydialogs_jobs_hire_me_1,A, I need a job.,,,https://www.eslfast.com/easydialogs/ec/jobs06.htm,Jobs,Hire Me,v1,https://www.eslfast.com/easydialogs/audio/jobs06.mp3
eslfast_easydialogs_jobs_hire_me_1,B, What was your last job?,,,https://www.eslfast.com/easydialogs/ec/jobs06.htm,Jobs,Hire Me,v1,https://www.eslfast.com/easydialogs/audio/jobs06.mp3
eslfast_easydialogs_jobs_hire_me_1,A, I was a painter.,,,https://www.eslfast.com/easydialogs/ec/jobs06.htm,Jobs,Hire Me,v1,https://www.eslfast.com/easydialogs/audio/jobs06.mp3
eslfast_easydialogs_jobs_hire_me_1,B, What happened?,,,https://www.eslfast.com/easydialogs/ec/jobs06.htm,Jobs,Hire Me,v1,https://www.eslfast.com/easydialogs/audio/jobs06.mp3
eslfast_easydialogs_jobs_hire_me_1,A, I got laid off because there was no work.,,,https://www.eslfast.com/easydialogs/ec/jobs06.htm,Jobs,Hire Me,v1,https://www.eslfast.com/easydialogs/audio/jobs06.mp3
eslfast_easydialogs_jobs_hire_me_1,B, What else can you do?,,,https://www.eslfast.com/easydialogs/ec/jobs06.htm,Jobs,Hire Me,v1,https://www.eslfast.com/easydialogs/audio/jobs06.mp3
eslfast_easydialogs_jobs_hire_me_1,A, I'm a handyman.,,,https://www.eslfast.com/easydialogs/ec/jobs06.htm,Jobs,Hire Me,v1,https://www.eslfast.com/easydialogs/audio/jobs06.mp3
eslfast_easydialogs_jobs_hire_me_1,B, Can you fix a dripping faucet in a kitchen sink?,,,https://www.eslfast.com/easydialogs/ec/jobs06.htm,Jobs,Hire Me,v1,https://www.eslfast.com/easydialogs/audio/jobs06.mp3
eslfast_easydialogs_jobs_hire_me_1,A, Of course.,,,https://www.eslfast.com/easydialogs/ec/jobs06.htm,Jobs,Hire Me,v1,https://www.eslfast.com/easydialogs/audio/jobs06.mp3
eslfast_easydialogs_jobs_hire_me_1,B, Then I have a job for you in my kitchen.,,,https://www.eslfast.com/easydialogs/ec/jobs06.htm,Jobs,Hire Me,v1,https://www.eslfast.com/easydialogs/audio/jobs06.mp3
eslfast_easydialogs_jobs_hire_me_1,A, It will cost you only $20 plus parts.,,,https://www.eslfast.com/easydialogs/ec/jobs06.htm,Jobs,Hire Me,v1,https://www.eslfast.com/easydialogs/audio/jobs06.mp3
eslfast_easydialogs_jobs_hire_me_1,B, Okay. That sounds like a fair price.,,,https://www.eslfast.com/easydialogs/ec/jobs06.htm,Jobs,Hire Me,v1,https://www.eslfast.com/easydialogs/audio/jobs06.mp3
eslfast_easydialogs_jobs_work_is_hard_1,A, Life is hard.,,,https://www.eslfast.com/easydialogs/ec/jobs03.htm,Jobs,Work Is Hard,v1,https://www.eslfast.com/easydialogs/audio/jobs03.mp3
eslfast_easydialogs_jobs_work_is_hard_1,B, It sure is.,,,https://www.eslfast.com/easydialogs/ec/jobs03.htm,Jobs,Work Is Hard,v1,https://www.eslfast.com/easydialogs/audio/jobs03.mp3
eslfast_easydialogs_jobs_work_is_hard_1,A, I thought school was hard.,,,https://www.eslfast.com/easydialogs/ec/jobs03.htm,Jobs,Work Is Hard,v1,https://www.eslfast.com/easydialogs/audio/jobs03.mp3
eslfast_easydialogs_jobs_work_is_hard_1,B," Me, too. I couldn't wait to graduate.",,,https://www.eslfast.com/easydialogs/ec/jobs03.htm,Jobs,Work Is Hard,v1,https://www.eslfast.com/easydialogs/audio/jobs03.mp3
eslfast_easydialogs_jobs_work_is_hard_1,A," But now work is hard, too.",,,https://www.eslfast.com/easydialogs/ec/jobs03.htm,Jobs,Work Is Hard,v1,https://www.eslfast.com/easydialogs/audio/jobs03.mp3
eslfast_easydialogs_jobs_work_is_hard_1,B, I agree. Work is just as hard as school.,,,https://www.eslfast.com/easydialogs/ec/jobs03.htm,Jobs,Work Is Hard,v1,https://www.eslfast.com/easydialogs/audio/jobs03.mp3
eslfast_easydialogs_jobs_work_is_hard_1,A, Sometimes I wish I was back in school.,,,https://www.eslfast.com/easydialogs/ec/jobs03.htm,Jobs,Work Is Hard,v1,https://www.eslfast.com/easydialogs/audio/jobs03.mp3
eslfast_easydialogs_jobs_work_is_hard_1,B," Me, too. School was fun.",,,https://www.eslfast.com/easydialogs/ec/jobs03.htm,Jobs,Work Is Hard,v1,https://www.eslfast.com/easydialogs/audio/jobs03.mp3
eslfast_easydialogs_jobs_work_is_hard_1,A, And it was only 12 years.,,,https://www.eslfast.com/easydialogs/ec/jobs03.htm,Jobs,Work Is Hard,v1,https://www.eslfast.com/easydialogs/audio/jobs03.mp3
eslfast_easydialogs_jobs_work_is_hard_1,B, It went by pretty fast.,,,https://www.eslfast.com/easydialogs/ec/jobs03.htm,Jobs,Work Is Hard,v1,https://www.eslfast.com/easydialogs/audio/jobs03.mp3
eslfast_easydialogs_jobs_work_is_hard_1,A, But work goes on forever!,,,https://www.eslfast.com/easydialogs/ec/jobs03.htm,Jobs,Work Is Hard,v1,https://www.eslfast.com/easydialogs/audio/jobs03.mp3
eslfast_easydialogs_jobs_work_is_hard_1,B, We have to work for 30 years!,,,https://www.eslfast.com/easydialogs/ec/jobs03.htm,Jobs,Work Is Hard,v1,https://www.eslfast.com/easydialogs/audio/jobs03.mp3
eslfast_easydialogs_jobs_before_going_to_an_interview_1,A," Before you go to that interview, check yourself.",,,https://www.eslfast.com/easydialogs/ec/jobs02.htm,Jobs,Before Going to an Interview,v1,https://www.eslfast.com/easydialogs/audio/jobs02.mp3
eslfast_easydialogs_jobs_before_going_to_an_interview_1,B, What's to check?,,,https://www.eslfast.com/easydialogs/ec/jobs02.htm,Jobs,Before Going to an Interview,v1,https://www.eslfast.com/easydialogs/audio/jobs02.mp3
eslfast_easydialogs_jobs_before_going_to_an_interview_1,A, Are your nails clean?,,,https://www.eslfast.com/easydialogs/ec/jobs02.htm,Jobs,Before Going to an Interview,v1,https://www.eslfast.com/easydialogs/audio/jobs02.mp3
eslfast_easydialogs_jobs_before_going_to_an_interview_1,B," Yes, they are.",,,https://www.eslfast.com/easydialogs/ec/jobs02.htm,Jobs,Before Going to an Interview,v1,https://www.eslfast.com/easydialogs/audio/jobs02.mp3
eslfast_easydialogs_jobs_before_going_to_an_interview_1,A, Did you double-check your nose and teeth?,,,https://www.eslfast.com/easydialogs/ec/jobs02.htm,Jobs,Before Going to an Interview,v1,https://www.eslfast.com/easydialogs/audio/jobs02.mp3
eslfast_easydialogs_jobs_before_going_to_an_interview_1,B," They are clean, too.",,,https://www.eslfast.com/easydialogs/ec/jobs02.htm,Jobs,Before Going to an Interview,v1,https://www.eslfast.com/easydialogs/audio/jobs02.mp3
eslfast_easydialogs_jobs_before_going_to_an_interview_1,A, Did you shine your shoes?,,,https://www.eslfast.com/easydialogs/ec/jobs02.htm,Jobs,Before Going to an Interview,v1,https://www.eslfast.com/easydialogs/audio/jobs02.mp3
eslfast_easydialogs_jobs_before_going_to_an_interview_1,B, My shoes are shined.,,,https://www.eslfast.com/easydialogs/ec/jobs02.htm,Jobs,Before Going to an Interview,v1,https://www.eslfast.com/easydialogs/audio/jobs02.mp3
eslfast_easydialogs_jobs_before_going_to_an_interview_1,A, Do your socks match?,,,https://www.eslfast.com/easydialogs/ec/jobs02.htm,Jobs,Before Going to an Interview,v1,https://www.eslfast.com/easydialogs/audio/jobs02.mp3
eslfast_easydialogs_jobs_before_going_to_an_interview_1,B, Of course they match.,,,https://www.eslfast.com/easydialogs/ec/jobs02.htm,Jobs,Before Going to an Interview,v1,https://www.eslfast.com/easydialogs/audio/jobs02.mp3
eslfast_easydialogs_jobs_before_going_to_an_interview_1,A," No, they don't. One is black and one is dark blue.",,,https://www.eslfast.com/easydialogs/ec/jobs02.htm,Jobs,Before Going to an Interview,v1,https://www.eslfast.com/easydialogs/audio/jobs02.mp3
eslfast_easydialogs_jobs_before_going_to_an_interview_1,B, Yikes! Thank you.,,,https://www.eslfast.com/easydialogs/ec/jobs02.htm,Jobs,Before Going to an Interview,v1,https://www.eslfast.com/easydialogs/audio/jobs02.mp3
eslfast_easydialogs_jobs_peas_in_a_pod_1,A, I'm sleepy.,,,https://www.eslfast.com/easydialogs/ec/jobs04.htm,Jobs,Peas in a Pod,v1,https://www.eslfast.com/easydialogs/audio/jobs04.mp3
eslfast_easydialogs_jobs_peas_in_a_pod_1,B, So am I.,,,https://www.eslfast.com/easydialogs/ec/jobs04.htm,Jobs,Peas in a Pod,v1,https://www.eslfast.com/easydialogs/audio/jobs04.mp3
eslfast_easydialogs_jobs_peas_in_a_pod_1,A, I had a long day.,,,https://www.eslfast.com/easydialogs/ec/jobs04.htm,Jobs,Peas in a Pod,v1,https://www.eslfast.com/easydialogs/audio/jobs04.mp3
eslfast_easydialogs_jobs_peas_in_a_pod_1,B, So did I.,,,https://www.eslfast.com/easydialogs/ec/jobs04.htm,Jobs,Peas in a Pod,v1,https://www.eslfast.com/easydialogs/audio/jobs04.mp3
eslfast_easydialogs_jobs_peas_in_a_pod_1,A, I didn't even have lunch.,,,https://www.eslfast.com/easydialogs/ec/jobs04.htm,Jobs,Peas in a Pod,v1,https://www.eslfast.com/easydialogs/audio/jobs04.mp3
eslfast_easydialogs_jobs_peas_in_a_pod_1,B, Neither did I.,,,https://www.eslfast.com/easydialogs/ec/jobs04.htm,Jobs,Peas in a Pod,v1,https://www.eslfast.com/easydialogs/audio/jobs04.mp3
eslfast_easydialogs_jobs_peas_in_a_pod_1,A, I was busy the whole day.,,,https://www.eslfast.com/easydialogs/ec/jobs04.htm,Jobs,Peas in a Pod,v1,https://www.eslfast.com/easydialogs/audio/jobs04.mp3
eslfast_easydialogs_jobs_peas_in_a_pod_1,B, So was I.,,,https://www.eslfast.com/easydialogs/ec/jobs04.htm,Jobs,Peas in a Pod,v1,https://www.eslfast.com/easydialogs/audio/jobs04.mp3
eslfast_easydialogs_jobs_peas_in_a_pod_1,A, I had to bring work home with me.,,,https://www.eslfast.com/easydialogs/ec/jobs04.htm,Jobs,Peas in a Pod,v1,https://www.eslfast.com/easydialogs/audio/jobs04.mp3
eslfast_easydialogs_jobs_peas_in_a_pod_1,B, I did too.,,,https://www.eslfast.com/easydialogs/ec/jobs04.htm,Jobs,Peas in a Pod,v1,https://www.eslfast.com/easydialogs/audio/jobs04.mp3
eslfast_easydialogs_jobs_peas_in_a_pod_1,A, Your day was just like mine.,,,https://www.eslfast.com/easydialogs/ec/jobs04.htm,Jobs,Peas in a Pod,v1,https://www.eslfast.com/easydialogs/audio/jobs04.mp3
eslfast_easydialogs_jobs_peas_in_a_pod_1,B, Of course it was. We work together!,,,https://www.eslfast.com/easydialogs/ec/jobs04.htm,Jobs,Peas in a Pod,v1,https://www.eslfast.com/easydialogs/audio/jobs04.mp3
eslfast_easydialogs_jobs_i_need_a_job_1,A, I need a job.,,,https://www.eslfast.com/easydialogs/ec/jobs01.htm,Jobs,I Need a Job,v1,https://www.eslfast.com/easydialogs/audio/jobs01.mp3
eslfast_easydialogs_jobs_i_need_a_job_1,B, I thought you had a job.,,,https://www.eslfast.com/easydialogs/ec/jobs01.htm,Jobs,I Need a Job,v1,https://www.eslfast.com/easydialogs/audio/jobs01.mp3
eslfast_easydialogs_jobs_i_need_a_job_1,A, I did.,,,https://www.eslfast.com/easydialogs/ec/jobs01.htm,Jobs,I Need a Job,v1,https://www.eslfast.com/easydialogs/audio/jobs01.mp3
eslfast_easydialogs_jobs_i_need_a_job_1,B, What happened?,,,https://www.eslfast.com/easydialogs/ec/jobs01.htm,Jobs,I Need a Job,v1,https://www.eslfast.com/easydialogs/audio/jobs01.mp3
eslfast_easydialogs_jobs_i_need_a_job_1,A, I got laid off.,,,https://www.eslfast.com/easydialogs/ec/jobs01.htm,Jobs,I Need a Job,v1,https://www.eslfast.com/easydialogs/audio/jobs01.mp3
eslfast_easydialogs_jobs_i_need_a_job_1,B, That's terrible! When did it happen?,,,https://www.eslfast.com/easydialogs/ec/jobs01.htm,Jobs,I Need a Job,v1,https://www.eslfast.com/easydialogs/audio/jobs01.mp3
eslfast_easydialogs_jobs_i_need_a_job_1,A, I got laid off last week.,,,https://www.eslfast.com/easydialogs/ec/jobs01.htm,Jobs,I Need a Job,v1,https://www.eslfast.com/easydialogs/audio/jobs01.mp3
eslfast_easydialogs_jobs_i_need_a_job_1,B, Just you?,,,https://www.eslfast.com/easydialogs/ec/jobs01.htm,Jobs,I Need a Job,v1,https://www.eslfast.com/easydialogs/audio/jobs01.mp3
eslfast_easydialogs_jobs_i_need_a_job_1,A," No, ten of my coworkers got laid off, too.",,,https://www.eslfast.com/easydialogs/ec/jobs01.htm,Jobs,I Need a Job,v1,https://www.eslfast.com/easydialogs/audio/jobs01.mp3
eslfast_easydialogs_jobs_i_need_a_job_1,B, What are you going to do?,,,https://www.eslfast.com/easydialogs/ec/jobs01.htm,Jobs,I Need a Job,v1,https://www.eslfast.com/easydialogs/audio/jobs01.mp3
eslfast_easydialogs_jobs_i_need_a_job_1,A, I'm looking in the newspaper for a job.,,,https://www.eslfast.com/easydialogs/ec/jobs01.htm,Jobs,I Need a Job,v1,https://www.eslfast.com/easydialogs/audio/jobs01.mp3
eslfast_easydialogs_jobs_i_need_a_job_1,B, Good luck!,,,https://www.eslfast.com/easydialogs/ec/jobs01.htm,Jobs,I Need a Job,v1,https://www.eslfast.com/easydialogs/audio/jobs01.mp3
eslfast_easydialogs_jobs_i_am_a_babysitter_1,A, I don't like my job.,,,https://www.eslfast.com/easydialogs/ec/jobs05.htm,Jobs,I Am a Babysitter,v1,https://www.eslfast.com/easydialogs/audio/jobs05.mp3
eslfast_easydialogs_jobs_i_am_a_babysitter_1,B, What do you do?,,,https://www.eslfast.com/easydialogs/ec/jobs05.htm,Jobs,I Am a Babysitter,v1,https://www.eslfast.com/easydialogs/audio/jobs05.mp3
eslfast_easydialogs_jobs_i_am_a_babysitter_1,A, I'm a babysitter.,,,https://www.eslfast.com/easydialogs/ec/jobs05.htm,Jobs,I Am a Babysitter,v1,https://www.eslfast.com/easydialogs/audio/jobs05.mp3
eslfast_easydialogs_jobs_i_am_a_babysitter_1,B, Is that a lot of work?,,,https://www.eslfast.com/easydialogs/ec/jobs05.htm,Jobs,I Am a Babysitter,v1,https://www.eslfast.com/easydialogs/audio/jobs05.mp3
eslfast_easydialogs_jobs_i_am_a_babysitter_1,A, Babies cry all the time.,,,https://www.eslfast.com/easydialogs/ec/jobs05.htm,Jobs,I Am a Babysitter,v1,https://www.eslfast.com/easydialogs/audio/jobs05.mp3
eslfast_easydialogs_jobs_i_am_a_babysitter_1,B, You have to change their diapers.,,,https://www.eslfast.com/easydialogs/ec/jobs05.htm,Jobs,I Am a Babysitter,v1,https://www.eslfast.com/easydialogs/audio/jobs05.mp3
eslfast_easydialogs_jobs_i_am_a_babysitter_1,A, I have to feed them.,,,https://www.eslfast.com/easydialogs/ec/jobs05.htm,Jobs,I Am a Babysitter,v1,https://www.eslfast.com/easydialogs/audio/jobs05.mp3
eslfast_easydialogs_jobs_i_am_a_babysitter_1,B, Are you looking for another job?,,,https://www.eslfast.com/easydialogs/ec/jobs05.htm,Jobs,I Am a Babysitter,v1,https://www.eslfast.com/easydialogs/audio/jobs05.mp3
eslfast_easydialogs_jobs_i_am_a_babysitter_1,A," No, I'm looking for another family.",,,https://www.eslfast.com/easydialogs/ec/jobs05.htm,Jobs,I Am a Babysitter,v1,https://www.eslfast.com/easydialogs/audio/jobs05.mp3
eslfast_easydialogs_jobs_i_am_a_babysitter_1,B, Another family?,,,https://www.eslfast.com/easydialogs/ec/jobs05.htm,Jobs,I Am a Babysitter,v1,https://www.eslfast.com/easydialogs/audio/jobs05.mp3
eslfast_easydialogs_jobs_i_am_a_babysitter_1,A, A family with only one baby.,,,https://www.eslfast.com/easydialogs/ec/jobs05.htm,Jobs,I Am a Babysitter,v1,https://www.eslfast.com/easydialogs/audio/jobs05.mp3
eslfast_easydialogs_jobs_i_am_a_babysitter_1,B, That's a good idea.,,,https://www.eslfast.com/easydialogs/ec/jobs05.htm,Jobs,I Am a Babysitter,v1,https://www.eslfast.com/easydialogs/audio/jobs05.mp3
